--creating tables for book info, if I have read the book or not, if it has a movie, different library branches, and if the book is available at a certain library 

CREATE TABLE author_profile
(
  id int primary key generated by default as identity,
  author_name varchar
 ); 

CREATE TABLE genre_profile
(
  id int primary key generated by default as identity,
  genre_name varchar
);

CREATE TABLE book_profile  
(
  id int primary key generated by default as identity,
  book_title varchar, 
  author_id int, 
  genre_id int, 
  public_rating float
 );
 
CREATE TABLE reading_profile
(
  book_id int,
  status varchar 
 );
  
CREATE TABLE movie_adaptation 
(
 book_id int, 
 Duration_min int,
 streaming_platform varchar
 );

CREATE TABLE library_branches
(
  id int primary key generated by default as identity,
  branch_name varchar
 );
 
CREATE TABLE library_availability
( 
  book_id int, 
  branch_id int

 );
  
INSERT INTO author_profile 
(author_name)
VALUES 
('James Dashner'),
('Markus Zusak'),
('F. Scott Fitzgerald'),
('Alice Oseman '),
('Taylor Jenkins Reid'),
('Delia Owens'),
('Jane Austen'),
('Karen M. McManus'),
('Frank Herbert');
 
INSERT INTO genre_profile
(genre_name)
VALUES 
('Action & Adventure'),
('Classics'),
('Dystopian'),
('Fantasy'),
('Graphic Novel'),
('Historical Fiction'),
('Horror'),
('Mystery'),
('Romance');
 
INSERT INTO book_profile 
(book_title, author_id, genre_id, public_rating) 
VALUES 
('The Maze Runner', 1, 3, 4.04),
('The Book Thief', 2, 6, 4.38),
('The Great Gatsby', 3, 2, 3.93),
('The Scorch Trials', 1, 3, 3.90),
('Heartstopper: Volume One', 4, 5, 4.55),
('The Seven Husbands of Evelyn Hugo', 5, 9, 4.48),
('The Death Cure', 1, 3, 3.78),
('Where the Crawdads Sing', 6, 8, 4.45),
('Pride & Prejudice', 7, 2, 4.28),
('One of Us is Lying', 8, 8, 4.01),
('Dune', 9, 2, 4.25);

INSERT INTO reading_profile
(book_id, status)
VALUES
(1, 'yes'),
(2, 'yes'),
(3, 'no'),
(4, 'yes'),
(5, 'no'),
(6, 'no'),
(7, 'yes'),
(8, 'no'),
(9, 'no'),
(10, 'yes'),
(11, 'no');

INSERT INTO movie_adaptation
(book_id, duration_min, streaming_platform)
VALUES
(1, 113, 'Disney+'),
(2, 131, 'Disney+'),
(3, 142, 'Netflix'),
(4, 133, 'Disney+'),
(7, 142, 'Disney+'),
(9, 135, 'Netflix'),
(11, 155, 'Crave');

INSERT INTO library_branches
(branch_name)
VALUES 
('Bullfrog Main Branch'),
('East Side Branch'),
('Main Branch'),
('Scottsdale Branch'),
('West End Branch'),
('Westminster Square Branch');

--the books that are available at a certain library (null means it is unavailable)
INSERT INTO library_availability
(book_id, branch_id)
VALUES 
(1, 3),
(1, 6),
(2, 3),
(2, 6),
(3, 3),
(4, 2),
(4, 6),
(5, null),
(6, null), 
(7, 2),
(7, 3),
(7, 5), 
(7, 6),
(8, null),
(9, 3),
(10, null), 
(11, 2),
(11, 3),
(11, 5),
(11, 6);